,Accuracy,MRR,Testing time,Training time
AdvTest,0.5284884633495527,0.6113794066441557,52679.693,3718.483
